Parameter Name,Description,Value,,,,,,,,scheme_id,Scheme Name,,,Structure Id,Structure Name,Landmark,,,,,,,,,,,,,,,,08-03-2023
auth_token ,token to access API,uwsp21xcdf654$#^nic,,,,,,,,,,,,,,,,,,,,val0=,API_VAL[,0,],API_VAL[0]=  (API_VAL[0]),,,],,,uwsp21xcdf654$#^nic
SchemeId ,Id of Scheme,6,,,,,,,,,,,,31,"TW-1, Lakkar Ghat",Near Lakkar Ghat,,31,"TW-1, Lakkar Ghat",Near Lakkar Ghat,OFFICE,val1=,API_VAL[,1,],API_VAL[1]=  (API_VAL[1]),,"val_1,",],,,6
StructureId,Id of Tubewell,31,,,,,,,,,,,,,,,,26,"TW-2, Chopra Farm",Chopra Farm,CHOPRA FARM,val2=,API_VAL[,2,],API_VAL[2]=  (API_VAL[2]),,"val_2,",],,,31
PumpStatus ,Status of Pump -on/off,1,,,,,,,,,,,,,,,,32,Gulzar Farm,Gulzar Farm,GULZAR FARM,val3=,API_VAL[,3,],API_VAL[3]=  (API_VAL[3]),,"val_3,",],,,1
PumpDischarge ,discharge of tubewell,87.6,,,,,,,,,,,,,,,,,,,,val4=,API_VAL[,4,],API_VAL[4]=  (API_VAL[4]+random_val[0]),,"val_4,",]+random_val[0],,,92.5
PumpTotalDischarge ,cumulative discharge of day for tubewell,909.288,,,,,,,,,,,,,,,,,,,,val5=,API_VAL[,5,],API_VAL[5]=  (API_VAL[5]+random_val[1]),,"val_5,",]+random_val[1],,,1214.525
TankDischarge, discharge of OHT,87.6,,,,,,,,,,,,,,,,,,,,val6=,API_VAL[,6,],API_VAL[6]=  (API_VAL[6]+random_val[2]),,"val_6,",]+random_val[2],,,92.5
TankTotalDischarge,cumulative discharge of day for OHT,909.288,,,,,,,,,,,,,,,,,,,,val7=,API_VAL[,7,],API_VAL[7]=  (API_VAL[7]+random_val[1]),,"val_7,",]+random_val[1],,,1214.525
RunHours ,pump running hours,10.38,,,,,,,,,,,,,,,,,,,,val8=,API_VAL[,8,],API_VAL[8]=  (API_VAL[8]+random_val[3]),,"val_8,",]+random_val[3],,,13.13
WaterSupplyHours, water supply hours,10.38,,,,,,,,,,,,,,,,,,,,val9=,API_VAL[,9,],API_VAL[9]=  (API_VAL[9]+random_val[4]),,"val_9,",]+random_val[4],,,13.13
PowerOnHours,electricity availability hours,19.53,,,,,,,,,,,,,,,,,,,,val10=,API_VAL[,10,],API_VAL[10]=  (API_VAL[10]+random_val[5]),,"val_10,",]+random_val[5],,,21.58
auth_token ,token to access API,uwsp21xcdf654$#^nic,,,,,,,,,,,,,,,,,,,,val0=,API_VAL[,11,],API_VAL[11]=  (API_VAL[11]),,,],,,uwsp21xcdf654$#^nic
SchemeId ,Id of Scheme,6,,,,,,,,,,,,,,,,,,,,val1=,API_VAL[,12,],API_VAL[12]=  (API_VAL[12]),,,],,,6
StructureId,Id of Tubewell,26,,,,,,,,,,,,,,,,,,,,val2=,API_VAL[,13,],API_VAL[13]=  (API_VAL[13]),,,],,,26
PumpStatus ,Status of Pump -on/off,1,,,,,,,,,,,,,,,,,,,,val3=,API_VAL[,14,],API_VAL[14]=  (API_VAL[14]),,,],,,1
PumpDischarge ,discharge of tubewell,72.8,,,,,,,,,,,,,,,,,,,,val4=,API_VAL[,15,],API_VAL[15]=  (API_VAL[15]+random_val[0]),,,]+random_val[0],,,60.6
PumpTotalDischarge ,cumulative discharge of day for tubewell,1039.584,,,,,,,,,,,,,,,,,,,,val5=,API_VAL[,16,],API_VAL[16]=  (API_VAL[16]+random_val[1]),,,]+random_val[1],,,1039.29
TankDischarge, discharge of OHT,72.8,,,,,,,,,,,,,,,,,,,,val6=,API_VAL[,17,],API_VAL[17]=  (API_VAL[17]+random_val[2]),,,]+random_val[2],,,60.6
TankTotalDischarge,cumulative discharge of day for OHT,1039.584,,,,,,,,,,,,,,,,,,,,val7=,API_VAL[,18,],API_VAL[18]=  (API_VAL[18]+random_val[1]),,,]+random_val[1],,,1039.29
RunHours ,pump running hours,14.28,,,,,,,,,,,,,,,,,,,,val8=,API_VAL[,19,],API_VAL[19]=  (API_VAL[19]+random_val[3]),,,]+random_val[3],,,17.15
WaterSupplyHours, water supply hours,14.28,,,,,,,,,,,,,,,,,,,,val9=,API_VAL[,20,],API_VAL[20]=  (API_VAL[20]+random_val[4]),,,]+random_val[4],,,17.15
PowerOnHours,electricity availability hours,19.17,,,,,,,,,,,,,,,,,,,,val10=,API_VAL[,21,],API_VAL[21]=  (API_VAL[21]+random_val[5]),,,]+random_val[5],,,21.13
auth_token ,token to access API,uwsp21xcdf654$#^nic,,,,,,,,,,,,,,,,,,,,val0=,API_VAL[,22,],API_VAL[22]=  (API_VAL[22]),,,],,,uwsp21xcdf654$#^nic
SchemeId ,Id of Scheme,6,,,,,,,,,,,,,,,,,,,,val1=,API_VAL[,23,],API_VAL[23]=  (API_VAL[23]),,,],,,6
StructureId,Id of Tubewell,32,,,,,,,,,,,,,,,,,,,,val2=,API_VAL[,24,],API_VAL[24]=  (API_VAL[24]),,,],,,32
PumpStatus ,Status of Pump -on/off,1,,,,,,,,,,,,,,,,,,,,val3=,API_VAL[,25,],API_VAL[25]=  (API_VAL[25]),,,],,,1
PumpDischarge ,discharge of tubewell,72.8,,,,,,,,,,,,,,,,,,,,val4=,API_VAL[,26,],API_VAL[26]=  (API_VAL[26]+random_val[0]),,,]+random_val[0],,,71.3
PumpTotalDischarge ,cumulative discharge of day for tubewell,1465.464,,,,,,,,,,,,,,,,,,,,val5=,API_VAL[,27,],API_VAL[27]=  (API_VAL[27]+random_val[1]),,,]+random_val[1],,,515.499
TankDischarge, discharge of OHT,72.8,,,,,,,,,,,,,,,,,,,,val6=,API_VAL[,28,],API_VAL[28]=  (API_VAL[28]+random_val[2]),,,]+random_val[2],,,71.3
TankTotalDischarge,cumulative discharge of day for OHT,1465.464,,,,,,,,,,,,,,,,,,,,val7=,API_VAL[,29,],API_VAL[29]=  (API_VAL[29]+random_val[1]),,,]+random_val[1],,,515.499
RunHours ,pump running hours,20.13,,,,,,,,,,,,,,,,,,,,val8=,API_VAL[,30,],API_VAL[30]=  (API_VAL[30]+random_val[3]),,,]+random_val[3],,,7.23
WaterSupplyHours, water supply hours,20.13,,,,,,,,,,,,,,,,,,,,val9=,API_VAL[,31,],API_VAL[31]=  (API_VAL[31]+random_val[4]),,,]+random_val[4],,,7.23
PowerOnHours,electricity availability hours,22.23,,,,,,,,,,,,,,,,,,,,val10=,API_VAL[,32,],API_VAL[32]=  (API_VAL[32]+random_val[5]),,,]+random_val[5],,,9.09
auth_token ,token to access API,uwsp21xcdf654$#^nic,,,,,,,,,,,,,,,,,,,,val0=,API_VAL[,33,],API_VAL[33]=  (API_VAL[33]),,,],,,uwsp21xcdf654$#^nic
SchemeId ,Id of Scheme,6,,,,,,,,,,,,,,,,,"TW-3, KHADRI",GIC KHADRI,KHADRI,val1=,API_VAL[,34,],API_VAL[34]=  (API_VAL[34]),,,],,,6
StructureId,Id of Tubewell,27,,,,,,,,,,,,,,,,,Gujjrowali Office,Gujjrowali Office,Gujjrowali Office,val2=,API_VAL[,35,],API_VAL[35]=  (API_VAL[35]),,,],,,27
PumpStatus ,Status of Pump -on/off,1,,,,,,,,,,,,,,,,,Ganesh Vihar TW,Ganesh Vihar,Ganesh Vihar,val3=,API_VAL[,36,],API_VAL[36]=  (API_VAL[36]),,,],,,1
PumpDischarge ,discharge of tubewell,35.8,,,,,,,,,,,,,,,,,Nathuawala 1 (Khadar),Nathuawala 1 (Khadar),Nathuawala 1 (Khadar),val4=,API_VAL[,37,],API_VAL[37]=  (API_VAL[37]+random_val[0]),,,]+random_val[0],,,34.8
PumpTotalDischarge ,cumulative discharge of day for tubewell,521.606,,,,,,,,,,,,,,,,,Dobhalwala Tubewell,Near Subhash chand academy,Dobhalwala Tubewell,val5=,API_VAL[,38,],API_VAL[38]=  (API_VAL[38]+random_val[1]),,,]+random_val[1],,,567.588
TankDischarge, discharge of OHT,35.8,,,,,,,,,,,,,,,,,Nathuawala 2 (Khadar),Nathuawala 2 (Khadar),Nathuawala 2 (Khadar),val6=,API_VAL[,39,],API_VAL[39]=  (API_VAL[39]+random_val[2]),,,]+random_val[2],,,34.8
TankTotalDischarge,cumulative discharge of day for OHT,521.606,,,,,,,,,,,,,,,,,Adharsh Vihar,Adharsh Vihar,BHIST ATTA CHAKI,val7=,API_VAL[,40,],API_VAL[40]=  (API_VAL[40]+random_val[1]),,,]+random_val[1],,,567.588
RunHours ,pump running hours,14.57,,,,,,,,,,,,,,,,,Madhav Vihar,Madhav Vihar,MADAV VIHAR,val8=,API_VAL[,41,],API_VAL[41]=  (API_VAL[41]+random_val[3]),,,]+random_val[3],,,16.31
WaterSupplyHours, water supply hours,14.57,,,,,,,,,,,,,,,,,"TW-1, near Suswa River",Near Suswa River,ZONE 1,val9=,API_VAL[,42,],API_VAL[42]=  (API_VAL[42]+random_val[4]),,,]+random_val[4],,,16.31
PowerOnHours,electricity availability hours,19.16,,,,,,,,,,,,,,,,,"TW-2, near Suswa River",Near Suswa River,Zone 2,val10=,API_VAL[,43,],API_VAL[43]=  (API_VAL[43]+random_val[5]),,,]+random_val[5],,,21.21
auth_token ,token to access API,uwsp21xcdf654$#^nic,,,,,,,,,,,,,,,,,I-well 01,Murgi Farm,Zone 3,val0=,API_VAL[,44,],API_VAL[44]=  (API_VAL[44]),,,],,,uwsp21xcdf654$#^nic
SchemeId ,Id of Scheme,7,,,,,,,,,,,,,,,,,I-well 02,Murgi Farm,Zone 3,val1=,API_VAL[,45,],API_VAL[45]=  (API_VAL[45]),,,],,,7
StructureId,Id of Tubewell,51,,,,,,,,,,,,,,,,,"TW-4, NEAR I-WELL",NEAR I-WELL & SUSWA  RIVER,Zone 4,val2=,API_VAL[,46,],API_VAL[46]=  (API_VAL[46]),,,],,,51
PumpStatus ,Status of Pump -on/off,1,,,,,,,,,,,,,,,,,"TW-5, KHANDGAON-1",Vaidik Nagar,Zone 5,val3=,API_VAL[,47,],API_VAL[47]=  (API_VAL[47]),,,],,,1
PumpDischarge ,discharge of tubewell,92.4,,,,,,,,,,,,,,,,,,,,val4=,API_VAL[,48,],API_VAL[48]=  (API_VAL[48]+random_val[0]),,,]+random_val[0],,,95.2
PumpTotalDischarge ,cumulative discharge of day for tubewell,1863.708,,,,,,,,,,,,,,,,,,,,val5=,API_VAL[,49,],API_VAL[49]=  (API_VAL[49]+random_val[1]),,,]+random_val[1],,,1820.224
TankDischarge, discharge of OHT,92.4,,,,,,,,,,,,,,,,,,,,val6=,API_VAL[,50,],API_VAL[50]=  (API_VAL[50]+random_val[2]),,,]+random_val[2],,,95.2
TankTotalDischarge,cumulative discharge of day for OHT,1863.708,,,,,,,,,,,,,,,,,,,,val7=,API_VAL[,51,],API_VAL[51]=  (API_VAL[51]+random_val[1]),,,]+random_val[1],,,1820.224
RunHours ,pump running hours,20.17,,,,,,,,,,,,,,,,,,,,val8=,API_VAL[,52,],API_VAL[52]=  (API_VAL[52]+random_val[3]),,,]+random_val[3],,,19.12
WaterSupplyHours, water supply hours,20.17,,,,,,,,,,,,,,,,,,,,val9=,API_VAL[,53,],API_VAL[53]=  (API_VAL[53]+random_val[4]),,,]+random_val[4],,,19.12
PowerOnHours,electricity availability hours,22.56,,,,,,,,,,,,,,,,,,,,val10=,API_VAL[,54,],API_VAL[54]=  (API_VAL[54]+random_val[5]),,,]+random_val[5],,,21.43
auth_token ,token to access API,uwsp21xcdf654$#^nic,,,,,,,,,,,,,,,,,,,,val0=,API_VAL[,55,],API_VAL[55]=  (API_VAL[55]),,,],,,uwsp21xcdf654$#^nic
SchemeId ,Id of Scheme,7,,,,,,,,,,,,,,,,,,,,val1=,API_VAL[,56,],API_VAL[56]=  (API_VAL[56]),,,],,,7
StructureId,Id of Tubewell,52,,,,,,,,,,,,,,,,,,,,val2=,API_VAL[,57,],API_VAL[57]=  (API_VAL[57]),,,],,,52
PumpStatus ,Status of Pump -on/off, ,,,,,,,,,,,,,,,,,,,,val3=,API_VAL[,58,],API_VAL[58]=  (API_VAL[58]),,,],,,1
PumpDischarge ,discharge of tubewell,106.2,,,,,,,,,,,,,,,,,,,,val4=,API_VAL[,59,],API_VAL[59]=  (API_VAL[59]+random_val[0]),,,]+random_val[0],,,105.6
PumpTotalDischarge ,cumulative discharge of day for tubewell,2053.908,,,,,,,,,,,,,,,,,,,,val5=,API_VAL[,60,],API_VAL[60]=  (API_VAL[60]+random_val[1]),,,]+random_val[1],,,1938.816
TankDischarge, discharge of OHT,106.2,,,,,,,,,,,,,,,,,,,,val6=,API_VAL[,61,],API_VAL[61]=  (API_VAL[61]+random_val[2]),,,]+random_val[2],,,105.6
TankTotalDischarge,cumulative discharge of day for OHT,2053.908,,,,,,,,,,,,,,,,,,,,val7=,API_VAL[,62,],API_VAL[62]=  (API_VAL[62]+random_val[1]),,,]+random_val[1],,,1938.816
RunHours ,pump running hours,19.34,,,,,,,,,,,,,,,,,,,,val8=,API_VAL[,63,],API_VAL[63]=  (API_VAL[63]+random_val[3]),,,]+random_val[3],,,18.36
WaterSupplyHours, water supply hours,19.34,,,,,,,,,,,,,,,,,,,,val9=,API_VAL[,64,],API_VAL[64]=  (API_VAL[64]+random_val[4]),,,]+random_val[4],,,18.36
PowerOnHours,electricity availability hours,22.3,,,,,,,,,,,,,,,,,,,,val10=,API_VAL[,65,],API_VAL[65]=  (API_VAL[65]+random_val[5]),,,]+random_val[5],,,20.45
auth_token ,token to access API,uwsp21xcdf654$#^nic,,,,,,,,,,,,,,,,,,,,val0=,API_VAL[,66,],API_VAL[66]=  (API_VAL[66]),,,],,,uwsp21xcdf654$#^nic
SchemeId ,Id of Scheme,7,,,,,,,,,,,,,,,,,,,,val1=,API_VAL[,67,],API_VAL[67]=  (API_VAL[67]),,,],,,7
StructureId,Id of Tubewell,40,,,,,,,,,,,,,,,,,,,,val2=,API_VAL[,68,],API_VAL[68]=  (API_VAL[68]),,,],,,40
PumpStatus ,Status of Pump -on/off,1,,,,,,,,,,,,,,,,,,,,val3=,API_VAL[,69,],API_VAL[69]=  (API_VAL[69]),,,],,,1
PumpDischarge ,discharge of tubewell,103.8,,,,,,,,,,,,,,,,,,,,val4=,API_VAL[,70,],API_VAL[70]=  (API_VAL[70]+random_val[0]),,,]+random_val[0],,,67.3
PumpTotalDischarge ,cumulative discharge of day for tubewell,2203.674,,,,,,,,,,,,,,,,,,,,val5=,API_VAL[,71,],API_VAL[71]=  (API_VAL[71]+random_val[1]),,,]+random_val[1],,,1360.133
TankDischarge, discharge of OHT,103.8,,,,,,,,,,,,,,,,,,,,val6=,API_VAL[,72,],API_VAL[72]=  (API_VAL[72]+random_val[2]),,,]+random_val[2],,,67.3
TankTotalDischarge,cumulative discharge of day for OHT,2203.674,,,,,,,,,,,,,,,,,,,,val7=,API_VAL[,73,],API_VAL[73]=  (API_VAL[73]+random_val[1]),,,]+random_val[1],,,1360.133
RunHours ,pump running hours,21.23,,,,,,,,,,,,,,,,,,,,val8=,API_VAL[,74,],API_VAL[74]=  (API_VAL[74]+random_val[3]),,,]+random_val[3],,,20.21
WaterSupplyHours, water supply hours,21.23,,,,,,,,,,,,,,,,,,,,val9=,API_VAL[,75,],API_VAL[75]=  (API_VAL[75]+random_val[4]),,,]+random_val[4],,,20.21
PowerOnHours,electricity availability hours,23.01,,,,,,,,,,,,,,,,,,,,val10=,API_VAL[,76,],API_VAL[76]=  (API_VAL[76]+random_val[5]),,,]+random_val[5],,,22.34
auth_token ,token to access API,uwsp21xcdf654$#^nic,,,,,,,,,,,,,,,,,,,,val0=,API_VAL[,77,],API_VAL[77]=  (API_VAL[77]),,,],,,uwsp21xcdf654$#^nic
SchemeId ,Id of Scheme,7,,,,,,,,,,,,,,,,,,,,val1=,API_VAL[,78,],API_VAL[78]=  (API_VAL[78]),,,],,,7
StructureId,Id of Tubewell,46,,,,,,,,,,,,,,,,,,,,val2=,API_VAL[,79,],API_VAL[79]=  (API_VAL[79]),,,],,,46
PumpStatus ,Status of Pump -on/off,1,,,,,,,,,,,,,,,,,,,,val3=,API_VAL[,80,],API_VAL[80]=  (API_VAL[80]),,,],,,1
PumpDischarge ,discharge of tubewell,77.4,,,,,,,,,,,,,,,,,,,,val4=,API_VAL[,81,],API_VAL[81]=  (API_VAL[81]+random_val[0]),,,]+random_val[0],,,75.6
PumpTotalDischarge ,cumulative discharge of day for tubewell,1565.802,,,,,,,,,,,,,,,,,,,,val5=,API_VAL[,82,],API_VAL[82]=  (API_VAL[82]+random_val[1]),,,]+random_val[1],,,1542.996
TankDischarge, discharge of OHT,77.4,,,,,,,,,,,,,,,,,,,,val6=,API_VAL[,83,],API_VAL[83]=  (API_VAL[83]+random_val[2]),,,]+random_val[2],,,75.6
TankTotalDischarge,cumulative discharge of day for OHT,1565.802,,,,,,,,,,,,,,,,,,,,val7=,API_VAL[,84,],API_VAL[84]=  (API_VAL[84]+random_val[1]),,,]+random_val[1],,,1542.996
RunHours ,pump running hours,20.23,,,,,,,,,,,,,,,,,,,,val8=,API_VAL[,85,],API_VAL[85]=  (API_VAL[85]+random_val[3]),,,]+random_val[3],,,20.41
WaterSupplyHours, water supply hours,20.23,,,,,,,,,,,,,,,,,,,,val9=,API_VAL[,86,],API_VAL[86]=  (API_VAL[86]+random_val[4]),,,]+random_val[4],,,20.41
PowerOnHours,electricity availability hours,22.32,,,,,,,,,,,,,,,,,,,,val10=,API_VAL[,87,],API_VAL[87]=  (API_VAL[87]+random_val[5]),,,]+random_val[5],,,23
auth_token ,token to access API,uwsp21xcdf654$#^nic,,,,,,,,,,,,,,,,,,,,val0=,API_VAL[,88,],API_VAL[88]=  (API_VAL[88]),,,],,,uwsp21xcdf654$#^nic
SchemeId ,Id of Scheme,7,,,,,,,,,,,,,,,,,,,,val1=,API_VAL[,89,],API_VAL[89]=  (API_VAL[89]),,,],,,7
StructureId,Id of Tubewell,41,,,,,,,,,,,,,,,,,,,,val2=,API_VAL[,90,],API_VAL[90]=  (API_VAL[90]),,,],,,41
PumpStatus ,Status of Pump -on/off,1,,,,,,,,,,,,,,,,,,,,val3=,API_VAL[,91,],API_VAL[91]=  (API_VAL[91]),,,],,,1
PumpDischarge ,discharge of tubewell,109.8,,,,,,,,,,,,,,,,,,,,val4=,API_VAL[,92,],API_VAL[92]=  (API_VAL[92]+random_val[0]),,,]+random_val[0],,,107.8
PumpTotalDischarge ,cumulative discharge of day for tubewell,2221.254,,,,,,,,,,,,,,,,,,,,val5=,API_VAL[,93,],API_VAL[93]=  (API_VAL[93]+random_val[1]),,,]+random_val[1],,,2175.404
TankDischarge, discharge of OHT,109.8,,,,,,,,,,,,,,,,,,,,val6=,API_VAL[,94,],API_VAL[94]=  (API_VAL[94]+random_val[2]),,,]+random_val[2],,,107.8
TankTotalDischarge,cumulative discharge of day for OHT,2221.254,,,,,,,,,,,,,,,,,,,,val7=,API_VAL[,95,],API_VAL[95]=  (API_VAL[95]+random_val[1]),,,]+random_val[1],,,2175.404
RunHours ,pump running hours,20.23,,,,,,,,,,,,,,,,,,,,val8=,API_VAL[,96,],API_VAL[96]=  (API_VAL[96]+random_val[3]),,,]+random_val[3],,,20.18
WaterSupplyHours, water supply hours,20.23,,,,,,,,,,,,,,,,,,,,val9=,API_VAL[,97,],API_VAL[97]=  (API_VAL[97]+random_val[4]),,,]+random_val[4],,,20.18
PowerOnHours,electricity availability hours,22.58,,,,,,,,,,,,,,,,,,,,val10=,API_VAL[,98,],API_VAL[98]=  (API_VAL[98]+random_val[5]),,,]+random_val[5],,,22.43
auth_token ,token to access API,uwsp21xcdf654$#^nic,,,,,,,,,,,,,,,,,,,,val0=,API_VAL[,99,],API_VAL[99]=  (API_VAL[99]),,,],,,uwsp21xcdf654$#^nic
SchemeId ,Id of Scheme,7,,,,,,,,,,,,,,,,,,,,val1=,API_VAL[,100,],API_VAL[100]=  (API_VAL[100]),,,],,,7
StructureId,Id of Tubewell,59,,,,,,,,,,,,,,,,,,,,val2=,API_VAL[,101,],API_VAL[101]=  (API_VAL[101]),,,],,,59
PumpStatus ,Status of Pump -on/off,1,,,,,,,,,,,,,,,,,,,,val3=,API_VAL[,102,],API_VAL[102]=  (API_VAL[102]),,,],,,1
PumpDischarge ,discharge of tubewell,98.2,,,,,,,,,,,,,,,,,,,,val4=,API_VAL[,103,],API_VAL[103]=  (API_VAL[103]+random_val[0]),,,]+random_val[0],,,97.2
PumpTotalDischarge ,cumulative discharge of day for tubewell,1811.79,,,,,,,,,,,,,,,,,,,,val5=,API_VAL[,104,],API_VAL[104]=  (API_VAL[104]+random_val[1]),,,]+random_val[1],,,1693.224
TankDischarge, discharge of OHT,98.2,,,,,,,,,,,,,,,,,,,,val6=,API_VAL[,105,],API_VAL[105]=  (API_VAL[105]+random_val[2]),,,]+random_val[2],,,97.2
TankTotalDischarge,cumulative discharge of day for OHT,1811.79,,,,,,,,,,,,,,,,,,,,val7=,API_VAL[,106,],API_VAL[106]=  (API_VAL[106]+random_val[1]),,,]+random_val[1],,,1693.224
RunHours ,pump running hours,18.45,,,,,,,,,,,,,,,,,,,,val8=,API_VAL[,107,],API_VAL[107]=  (API_VAL[107]+random_val[3]),,,]+random_val[3],,,17.42
WaterSupplyHours, water supply hours,18.45,,,,,,,,,,,,,,,,,,,,val9=,API_VAL[,108,],API_VAL[108]=  (API_VAL[108]+random_val[4]),,,]+random_val[4],,,17.42
PowerOnHours,electricity availability hours,22.6,,,,,,,,,,,,,,,,,,,,val10=,API_VAL[,109,],API_VAL[109]=  (API_VAL[109]+random_val[5]),,,]+random_val[5],,,22.56
auth_token ,token to access API,uwsp21xcdf654$#^nic,,,,,,,,,,,,,,,,,,,,val0=,API_VAL[,110,],API_VAL[110]=  (API_VAL[110]),,,],,,uwsp21xcdf654$#^nic
SchemeId ,Id of Scheme,7,,,,,,,,,,,,,,,,,,,,val1=,API_VAL[,111,],API_VAL[111]=  (API_VAL[111]),,,],,,7
StructureId,Id of Tubewell,47,,,,,,,,,,,,,,,,,,,,val2=,API_VAL[,112,],API_VAL[112]=  (API_VAL[112]),,,],,,47
PumpStatus ,Status of Pump -on/off,1,,,,,,,,,,,,,,,,,,,,val3=,API_VAL[,113,],API_VAL[113]=  (API_VAL[113]),,,],,,1
PumpDischarge ,discharge of tubewell,99.6,,,,,,,,,,,,,,,,,,,,val4=,API_VAL[,114,],API_VAL[114]=  (API_VAL[114]+random_val[0]),,,]+random_val[0],,,100.2
PumpTotalDischarge ,cumulative discharge of day for tubewell,2093.592,,,,,,,,,,,,,,,,,,,,val5=,API_VAL[,115,],API_VAL[115]=  (API_VAL[115]+random_val[1]),,,]+random_val[1],,,2022.036
TankDischarge, discharge of OHT,99.6,,,,,,,,,,,,,,,,,,,,val6=,API_VAL[,116,],API_VAL[116]=  (API_VAL[116]+random_val[2]),,,]+random_val[2],,,100.2
TankTotalDischarge,cumulative discharge of day for OHT,2093.592,,,,,,,,,,,,,,,,,,,,val7=,API_VAL[,117,],API_VAL[117]=  (API_VAL[117]+random_val[1]),,,]+random_val[1],,,2022.036
RunHours ,pump running hours,21.02,,,,,,,,,,,,,,,,,,,,val8=,API_VAL[,118,],API_VAL[118]=  (API_VAL[118]+random_val[3]),,,]+random_val[3],,,20.18
WaterSupplyHours, water supply hours,21.02,,,,,,,,,,,,,,,,,,,,val9=,API_VAL[,119,],API_VAL[119]=  (API_VAL[119]+random_val[4]),,,]+random_val[4],,,20.18
PowerOnHours,electricity availability hours,21.5,,,,,,,,,,,,,,,,,,,,val10=,API_VAL[,120,],API_VAL[120]=  (API_VAL[120]+random_val[5]),,,]+random_val[5],,,22.44
auth_token ,token to access API,uwsp21xcdf654$#^nic,,,,,,,,,,,,,,,,,,,,val0=,API_VAL[,121,],API_VAL[121]=  (API_VAL[121]),,,],,,uwsp21xcdf654$#^nic
SchemeId ,Id of Scheme,8,,,,,,,,,,,,,,,,,,,,val1=,API_VAL[,122,],API_VAL[122]=  (API_VAL[122]),,,],,,8
StructureId,Id of Tubewell,1069,,,,,,,,,,,,,,,,,,,,val2=,API_VAL[,123,],API_VAL[123]=  (API_VAL[123]),,,],,,1069
PumpStatus ,Status of Pump -on/off,1,,,,,,,,,,,,,,,,,,,,val3=,API_VAL[,124,],API_VAL[124]=  (API_VAL[124]),,,],,,1
PumpDischarge ,discharge of tubewell,110.4,,,,,,,,,,,,,,,,,,,,val4=,API_VAL[,125,],API_VAL[125]=  (API_VAL[125]+random_val[0]),,,]+random_val[0],,,110.4
PumpTotalDischarge ,cumulative discharge of day for tubewell,2023.632,,,,,,,,,,,,,,,,,,,,val5=,API_VAL[,126,],API_VAL[126]=  (API_VAL[126]+random_val[1]),,,]+random_val[1],,,2226.768
TankDischarge, discharge of OHT,110.4,,,,,,,,,,,,,,,,,,,,val6=,API_VAL[,127,],API_VAL[127]=  (API_VAL[127]+random_val[2]),,,]+random_val[2],,,110.4
TankTotalDischarge,cumulative discharge of day for OHT,2023.632,,,,,,,,,,,,,,,,,,,,val7=,API_VAL[,128,],API_VAL[128]=  (API_VAL[128]+random_val[1]),,,]+random_val[1],,,2226.768
RunHours ,pump running hours,18.33,,,,,,,,,,,,,,,,,,,,val8=,API_VAL[,129,],API_VAL[129]=  (API_VAL[129]+random_val[3]),,,]+random_val[3],,,20.17
WaterSupplyHours, water supply hours,18.33,,,,,,,,,,,,,,,,,,,,val9=,API_VAL[,130,],API_VAL[130]=  (API_VAL[130]+random_val[4]),,,]+random_val[4],,,20.17
PowerOnHours,electricity availability hours,22.34,,,,,,,,,,,,,,,,,,,,val10=,API_VAL[,131,],API_VAL[131]=  (API_VAL[131]+random_val[5]),,,]+random_val[5],,,22.34
auth_token ,token to access API,uwsp21xcdf654$#^nic,,,,,,,,,,,,,,,,,,,,val0=,API_VAL[,132,],API_VAL[132]=  (API_VAL[132]),,,],,,uwsp21xcdf654$#^nic
SchemeId ,Id of Scheme,8,,,,,,,,,,,,,,,,,,,,val1=,API_VAL[,133,],API_VAL[133]=  (API_VAL[133]),,,],,,8
StructureId,Id of Tubewell,1070,,,,,,,,,,,,,,,,,,,,val2=,API_VAL[,134,],API_VAL[134]=  (API_VAL[134]),,,],,,1070
PumpStatus ,Status of Pump -on/off,1,,,,,,,,,,,,,,,,,,,,val3=,API_VAL[,135,],API_VAL[135]=  (API_VAL[135]),,,],,,1
PumpDischarge ,discharge of tubewell,114.6,,,,,,,,,,,,,,,,,,,,val4=,API_VAL[,136,],API_VAL[136]=  (API_VAL[136]+random_val[0]),,,]+random_val[0],,,116.7
PumpTotalDischarge ,cumulative discharge of day for tubewell,2216.364,,,,,,,,,,,,,,,,,,,,val5=,API_VAL[,137,],API_VAL[137]=  (API_VAL[137]+random_val[1]),,,]+random_val[1],,,1108.65
TankDischarge, discharge of OHT,114.6,,,,,,,,,,,,,,,,,,,,val6=,API_VAL[,138,],API_VAL[138]=  (API_VAL[138]+random_val[2]),,,]+random_val[2],,,116.7
TankTotalDischarge,cumulative discharge of day for OHT,2216.364,,,,,,,,,,,,,,,,,,,,val7=,API_VAL[,139,],API_VAL[139]=  (API_VAL[139]+random_val[1]),,,]+random_val[1],,,1108.65
RunHours ,pump running hours,19.34,,,,,,,,,,,,,,,,,,,,val8=,API_VAL[,140,],API_VAL[140]=  (API_VAL[140]+random_val[3]),,,]+random_val[3],,,9.5
WaterSupplyHours, water supply hours,19.34,,,,,,,,,,,,,,,,,,,,val9=,API_VAL[,141,],API_VAL[141]=  (API_VAL[141]+random_val[4]),,,]+random_val[4],,,9.5
PowerOnHours,electricity availability hours,20.37,,,,,,,,,,,,,,,,,,,,val10=,API_VAL[,142,],API_VAL[142]=  (API_VAL[142]+random_val[5]),,,]+random_val[5],,,22.59
auth_token ,token to access API,uwsp21xcdf654$#^nic,,,,,,,,,,,,,,,,,,,,val0=,API_VAL[,143,],API_VAL[143]=  (API_VAL[143]),,,],,,uwsp21xcdf654$#^nic
SchemeId ,Id of Scheme,8,,,,,,,,,,,,,,,,,,,,val1=,API_VAL[,144,],API_VAL[144]=  (API_VAL[144]),,,],,,8
StructureId,Id of Tubewell,3191,,,,,,,,,,,,,,,,,,,,val2=,API_VAL[,145,],API_VAL[145]=  (API_VAL[145]),,,],,,3191
PumpStatus ,Status of Pump -on/off,1,,,,,,,,,,,,,,,,,,,,val3=,API_VAL[,146,],API_VAL[146]=  (API_VAL[146]),,,],,,1
PumpDischarge ,discharge of tubewell,93.5,,,,,,,,,,,,,,,,,,,,val4=,API_VAL[,147,],API_VAL[147]=  (API_VAL[147]+random_val[0]),,,]+random_val[0],,,93.8
PumpTotalDischarge ,cumulative discharge of day for tubewell,1913.945,,,,,,,,,,,,,,,,,,,,val5=,API_VAL[,148,],API_VAL[148]=  (API_VAL[148]+random_val[1]),,,]+random_val[1],,,1813.154
TankDischarge, discharge of OHT,93.5,,,,,,,,,,,,,,,,,,,,val6=,API_VAL[,149,],API_VAL[149]=  (API_VAL[149]+random_val[2]),,,]+random_val[2],,,93.8
TankTotalDischarge,cumulative discharge of day for OHT,1913.945,,,,,,,,,,,,,,,,,,,,val7=,API_VAL[,150,],API_VAL[150]=  (API_VAL[150]+random_val[1]),,,]+random_val[1],,,1813.154
RunHours ,pump running hours,20.47,,,,,,,,,,,,,,,,,,,,val8=,API_VAL[,151,],API_VAL[151]=  (API_VAL[151]+random_val[3]),,,]+random_val[3],,,19.33
WaterSupplyHours, water supply hours,20.47,,,,,,,,,,,,,,,,,,,,val9=,API_VAL[,152,],API_VAL[152]=  (API_VAL[152]+random_val[4]),,,]+random_val[4],,,19.33
PowerOnHours,electricity availability hours,23.13,,,,,,,,,,,,,,,,,,,,val10=,API_VAL[,153,],API_VAL[153]=  (API_VAL[153]+random_val[5]),,,]+random_val[5],,,22.53
auth_token ,token to access API,uwsp21xcdf654$#^nic,,,,,,,,,,,,,,,,,,,,val0=,API_VAL[,154,],API_VAL[154]=  (API_VAL[154]),,,],,,uwsp21xcdf654$#^nic
SchemeId ,Id of Scheme,8,,,,,,,,,,,,,,,,,,,,val1=,API_VAL[,155,],API_VAL[155]=  (API_VAL[155]),,,],,,8
StructureId,Id of Tubewell,3192,,,,,,,,,,,,,,,,,,,,val2=,API_VAL[,156,],API_VAL[156]=  (API_VAL[156]),,,],,,3192
PumpStatus ,Status of Pump -on/off,1,,,,,,,,,,,,,,,,,,,,val3=,API_VAL[,157,],API_VAL[157]=  (API_VAL[157]),,,],,,1
PumpDischarge ,discharge of tubewell,87.6,,,,,,,,,,,,,,,,,,,,val4=,API_VAL[,158,],API_VAL[158]=  (API_VAL[158]+random_val[0]),,,]+random_val[0],,,93.4
PumpTotalDischarge ,cumulative discharge of day for tubewell,1876.392,,,,,,,,,,,,,,,,,,,,val5=,API_VAL[,159,],API_VAL[159]=  (API_VAL[159]+random_val[1]),,,]+random_val[1],,,1804.488
TankDischarge, discharge of OHT,87.6,,,,,,,,,,,,,,,,,,,,val6=,API_VAL[,160,],API_VAL[160]=  (API_VAL[160]+random_val[2]),,,]+random_val[2],,,93.4
TankTotalDischarge,cumulative discharge of day for OHT,1876.392,,,,,,,,,,,,,,,,,,,,val7=,API_VAL[,161,],API_VAL[161]=  (API_VAL[161]+random_val[1]),,,]+random_val[1],,,1804.488
RunHours ,pump running hours,21.42,,,,,,,,,,,,,,,,,,,,val8=,API_VAL[,162,],API_VAL[162]=  (API_VAL[162]+random_val[3]),,,]+random_val[3],,,19.32
WaterSupplyHours, water supply hours,21.42,,,,,,,,,,,,,,,,,,,,val9=,API_VAL[,163,],API_VAL[163]=  (API_VAL[163]+random_val[4]),,,]+random_val[4],,,19.32
PowerOnHours,electricity availability hours,23.6,,,,,,,,,,,,,,,,,,,,val10=,API_VAL[,164,],API_VAL[164]=  (API_VAL[164]+random_val[5]),,,]+random_val[5],,,22.57
auth_token ,token to access API,uwsp21xcdf654$#^nic,,,,,,,,,,,,,,,,,,,,val0=,API_VAL[,165,],API_VAL[165]=  (API_VAL[165]),,,],,,uwsp21xcdf654$#^nic
SchemeId ,Id of Scheme,8,,,,,,,,,,,,,,,,,,,,val1=,API_VAL[,166,],API_VAL[166]=  (API_VAL[166]),,,],,,8
StructureId,Id of Tubewell,1072,,,,,,,,,,,,,,,,,,,,val2=,API_VAL[,167,],API_VAL[167]=  (API_VAL[167]),,,],,,1072
PumpStatus ,Status of Pump -on/off,1,,,,,,,,,,,,,,,,,,,,val3=,API_VAL[,168,],API_VAL[168]=  (API_VAL[168]),,,],,,1
PumpDischarge ,discharge of tubewell,62.6,,,,,,,,,,,,,,,,,,,,val4=,API_VAL[,169,],API_VAL[169]=  (API_VAL[169]+random_val[0]),,,]+random_val[0],,,67.4
PumpTotalDischarge ,cumulative discharge of day for tubewell,1280.17,,,,,,,,,,,,,,,,,,,,val5=,API_VAL[,170,],API_VAL[170]=  (API_VAL[170]+random_val[1]),,,]+random_val[1],,,1316.996
TankDischarge, discharge of OHT,62.6,,,,,,,,,,,,,,,,,,,,val6=,API_VAL[,171,],API_VAL[171]=  (API_VAL[171]+random_val[2]),,,]+random_val[2],,,67.4
TankTotalDischarge,cumulative discharge of day for OHT,1280.17,,,,,,,,,,,,,,,,,,,,val7=,API_VAL[,172,],API_VAL[172]=  (API_VAL[172]+random_val[1]),,,]+random_val[1],,,1316.996
RunHours ,pump running hours,20.45,,,,,,,,,,,,,,,,,,,,val8=,API_VAL[,173,],API_VAL[173]=  (API_VAL[173]+random_val[3]),,,]+random_val[3],,,19.54
WaterSupplyHours, water supply hours,20.45,,,,,,,,,,,,,,,,,,,,val9=,API_VAL[,174,],API_VAL[174]=  (API_VAL[174]+random_val[4]),,,]+random_val[4],,,19.54
PowerOnHours,electricity availability hours,22.34,,,,,,,,,,,,,,,,,,,,val10=,API_VAL[,175,],API_VAL[175]=  (API_VAL[175]+random_val[5]),,,]+random_val[5],,,22.54
auth_token ,token to access API,uwsp21xcdf654$#^nic,,,,,,,,,,,,,,,,,,,,val0=,API_VAL[,176,],API_VAL[176]=  (API_VAL[176]),,,],,,uwsp21xcdf654$#^nic
SchemeId ,Id of Scheme,8,,,,,,,,,,,,,,,,,,,,val1=,API_VAL[,177,],API_VAL[177]=  (API_VAL[177]),,,],,,8
StructureId,Id of Tubewell,1073,,,,,,,,,,,,,,,,,,,,val2=,API_VAL[,178,],API_VAL[178]=  (API_VAL[178]),,,],,,1073
PumpStatus ,Status of Pump -on/off,1,,,,,,,,,,,,,,,,,,,,val3=,API_VAL[,179,],API_VAL[179]=  (API_VAL[179]),,,],,,1
PumpDischarge ,discharge of tubewell,63,,,,,,,,,,,,,,,,,,,,val4=,API_VAL[,180,],API_VAL[180]=  (API_VAL[180]+random_val[0]),,,]+random_val[0],,,67.4
PumpTotalDischarge ,cumulative discharge of day for tubewell,1043.91,,,,,,,,,,,,,,,,,,,,val5=,API_VAL[,181,],API_VAL[181]=  (API_VAL[181]+random_val[1]),,,]+random_val[1],,,1090.532
TankDischarge, discharge of OHT,63,,,,,,,,,,,,,,,,,,,,val6=,API_VAL[,182,],API_VAL[182]=  (API_VAL[182]+random_val[2]),,,]+random_val[2],,,67.4
TankTotalDischarge,cumulative discharge of day for OHT,1043.91,,,,,,,,,,,,,,,,,,,,val7=,API_VAL[,183,],API_VAL[183]=  (API_VAL[183]+random_val[1]),,,]+random_val[1],,,1090.532
RunHours ,pump running hours,16.57,,,,,,,,,,,,,,,,,,,,val8=,API_VAL[,184,],API_VAL[184]=  (API_VAL[184]+random_val[3]),,,]+random_val[3],,,16.18
WaterSupplyHours, water supply hours,16.57,,,,,,,,,,,,,,,,,,,,val9=,API_VAL[,185,],API_VAL[185]=  (API_VAL[185]+random_val[4]),,,]+random_val[4],,,16.18
PowerOnHours,electricity availability hours,22.17,,,,,,,,,,,,,,,,,,,,val10=,API_VAL[,186,],API_VAL[186]=  (API_VAL[186]+random_val[5]),,,]+random_val[5],,,22.08
